candidate,period,issued_versions,unique_trade_opportunities,eligible_alerts,assumed_entries,completed_trades,wins_target_hit,losses_stopped,time_exits,profitable_time_exits,unprofitable_time_exits,target_hit_rate_of_completed,profitable_trade_rate_of_completed,missed_entries_confirmed_zero_pnl,cancelled,unknown_entry_insufficient_data,unknown_exit_ambiguous_incomplete_or_open,unknown_total,suppressed_existing_position,avg_net_r_per_completed_trade__denom,avg_net_r_per_completed_trade,avg_net_r_per_known_outcome__denom,avg_net_r_per_known_outcome_incl_missed_at_zero,avg_net_r_per_all_eligible_alert__denom,avg_net_r_per_all_eligible_alert,avg_net_r_per_all_eligible_alert_is_undetermined,sum_r_completed_trades,max_drawdown_r_PARTIAL_completed_trades_only,max_drawdown_r_label,unknown_outcome_scenario_assumption,unknown_outcome_scenario_best_observed_avg_r,unknown_outcome_scenario_worst_observed_avg_r
baseline,dev,160,160,160,160,117,20,13,84,51,33,0.17094017094017094,0.6068376068376068,0,0,0,43,43,833,117,0.09092943009355536,117,0.09092943009355536,160,,True,10.638743320945977,-3.73820798556509,R drawdown on completed trades only (partial if unknown_total>0) — NOT an account-percentage drawdown,if every unknown-exit entered trade matched this candidate's own best/worst OBSERVED outcome — not a guaranteed bound,0.3440800196944086,-0.20225785424408765
baseline,holdout,64,64,64,58,49,7,4,38,21,17,0.14285714285714285,0.5714285714285714,5,0,1,9,10,327,49,0.07635409129216335,54,0.06928426802437045,64,,True,3.741350473316004,-2.3816476089696605,R drawdown on completed trades only (partial if unknown_total>0) — NOT an account-percentage drawdown,if every unknown-exit entered trade matched this candidate's own best/worst OBSERVED outcome — not a guaranteed bound,0.21995092775131733,-0.09066637114972408
baseline,full,224,224,224,218,166,27,17,122,72,50,0.16265060240963855,0.5963855421686747,5,0,1,52,53,1160,166,0.08662707104977097,171,0.084094115755918,224,,True,14.38009379426198,-3.73820798556509,R drawdown on completed trades only (partial if unknown_total>0) — NOT an account-percentage drawdown,if every unknown-exit entered trade matched this candidate's own best/worst OBSERVED outcome — not a guaranteed bound,0.312339998327454,-0.17256837709054137
genuine_orb,dev,659,659,659,652,502,79,75,348,190,158,0.15737051792828685,0.5358565737051793,6,0,1,150,151,3428,502,0.02279925742515715,508,0.022529974857143482,659,,True,11.445227227428889,-16.22323677075313,R drawdown on completed trades only (partial if unknown_total>0) — NOT an account-percentage drawdown,if every unknown-exit entered trade matched this candidate's own best/worst OBSERVED outcome — not a guaranteed bound,0.3186369567929554,-0.21250732020332994
genuine_orb,holdout,260,260,260,255,204,25,27,152,69,83,0.12254901960784313,0.46078431372549017,5,0,0,51,51,1390,204,-0.031268567805534137,209,-0.030520515944157722,260,,True,-6.378787832328964,-16.03376137929194,R drawdown on completed trades only (partial if unknown_total>0) — NOT an account-percentage drawdown,if every unknown-exit entered trade matched this candidate's own best/worst OBSERVED outcome — not a guaranteed bound,0.24054355937801453,-0.22501485424442733
genuine_orb,full,919,919,919,907,706,104,102,500,259,241,0.14730878186968838,0.5141643059490085,11,0,1,201,202,4818,706,0.007176259766430494,717,0.007066163730962243,919,,True,5.066439395099929,-28.567571699952445,R drawdown on completed trades only (partial if unknown_total>0) — NOT an account-percentage drawdown,if every unknown-exit entered trade matched this candidate's own best/worst OBSERVED outcome — not a guaranteed bound,0.2998375359268511,-0.21602377133947084
trend_pullback,dev,455,455,455,441,390,197,136,57,8,49,0.5051282051282051,0.5256410256410257,13,0,1,51,52,1286,390,-0.07516048229405221,403,-0.07273595060714731,455,,True,-29.312588094680365,-43.82977296179677,R drawdown on completed trades only (partial if unknown_total>0) — NOT an account-percentage drawdown,if every unknown-exit entered trade matched this candidate's own best/worst OBSERVED outcome — not a guaranteed bound,0.02180467662787364,-0.18965828158377382
trend_pullback,holdout,180,180,180,173,150,82,54,14,5,9,0.5466666666666666,0.58,7,0,0,23,23,455,150,-0.02786673609304415,157,-0.02662427015258995,180,,True,-4.180010413956622,-15.530274881544571,R drawdown on completed trades only (partial if unknown_total>0) — NOT an account-percentage drawdown,if every unknown-exit entered trade matched this candidate's own best/worst OBSERVED outcome — not a guaranteed bound,0.0779861466678122,-0.17093709702212503
trend_pullback,full,635,635,635,614,540,279,190,71,13,58,0.5166666666666667,0.5407407407407407,20,0,1,74,75,1741,540,-0.06202333057154996,560,-0.05980821162256603,635,,True,-33.49259850863698,-47.30580563115847,R drawdown on completed trades only (partial if unknown_total>0) — NOT an account-percentage drawdown,if every unknown-exit entered trade matched this candidate's own best/worst OBSERVED outcome — not a guaranteed bound,0.03805195118081514,-0.18760414326179756
