pair,granularity,rows,first,last
EURUSD,H4,1537,2025-09-30T21:00:00+00:00,2026-09-27T21:00:00+00:00
EURUSD,M30,12288,2025-10-01T00:00:00+00:00,2026-09-27T23:30:00+00:00
GBPUSD,H4,1537,2025-09-30T21:00:00+00:00,2026-09-27T21:00:00+00:00
GBPUSD,M30,12288,2025-10-01T00:00:00+00:00,2026-09-27T23:30:00+00:00
USDJPY,H4,1537,2025-09-30T21:00:00+00:00,2026-09-27T21:00:00+00:00
USDJPY,M30,12288,2025-10-01T00:00:00+00:00,2026-09-27T23:30:00+00:00
USDCHF,H4,1537,2025-09-30T21:00:00+00:00,2026-09-27T21:00:00+00:00
USDCHF,M30,12288,2025-10-01T00:00:00+00:00,2026-09-27T23:30:00+00:00
AUDUSD,H4,1537,2025-09-30T21:00:00+00:00,2026-09-27T21:00:00+00:00
AUDUSD,M30,12288,2025-10-01T00:00:00+00:00,2026-09-27T23:30:00+00:00
USDCAD,H4,1537,2025-09-30T21:00:00+00:00,2026-09-27T21:00:00+00:00
USDCAD,M30,12288,2025-10-01T00:00:00+00:00,2026-09-27T23:30:00+00:00
NZDUSD,H4,1537,2025-09-30T21:00:00+00:00,2026-09-27T21:00:00+00:00
NZDUSD,M30,12288,2025-10-01T00:00:00+00:00,2026-09-27T23:30:00+00:00
