candidate,period,issued_versions,unique_trade_opportunities,eligible_alerts,assumed_entries,completed_trades,wins,losses,time_exits,profitable_time_exits,unprofitable_time_exits,win_rate,missed_entries,cancelled,unknown_or_ambiguous,suppressed_existing_position,avg_net_r_per_entered_trade,avg_net_r_per_eligible_alert,sum_r_resolved,max_drawdown_r,unknown_best_case_avg_r,unknown_worst_case_avg_r
baseline,dev,174,174,174,114,94,37,35,22,12,10,0.39361702127659576,8,0,72,418,0.06296661993711263,0.05802806151067241,5.918862274088586,-6.043556581482135,0.25040063321224937,-0.12351875198167908
baseline,holdout,70,70,70,46,36,18,12,6,3,3,0.5,4,0,30,134,0.17555672391952795,0.15800105152757515,6.320042061103006,-3.0,0.3857677762353424,-0.07999908562819552
baseline,full,244,244,244,160,130,55,47,28,15,13,0.4230769230769231,12,0,102,552,0.09414541796301217,0.08618946714923649,12.238904335191581,-6.831871435835996,0.2907170704522489,-0.11100684790505262
genuine_orb,dev,815,815,815,588,486,170,160,156,82,74,0.3497942386831276,18,0,311,2365,0.06445514667666623,0.06215317715249958,31.325201284859787,-16.66961423144339,0.31294903539088165,-0.12019523591010241
genuine_orb,holdout,345,345,345,249,205,67,72,66,38,28,0.32682926829268294,6,0,134,965,0.0018625182744295024,0.0018095556694694218,0.381816246258048,-15.152060036147827,0.2510145915349912,-0.17517342872988736
genuine_orb,full,1160,1160,1160,837,691,237,232,222,120,102,0.3429811866859624,24,0,445,3330,0.04588569830841941,0.04434547906450044,31.707017531117813,-19.18386413811182,0.29899835067843716,-0.13655075563785207
trend_pullback,dev,476,476,476,328,279,134,102,43,12,31,0.48028673835125446,8,0,189,1088,-0.07363933967963328,-0.07158667515894664,-20.545375770617685,-30.01855227587943,0.05449769086836778,-0.21202858466651733
trend_pullback,holdout,191,191,191,127,109,60,35,14,5,9,0.5504587155963303,11,0,71,400,0.03138430979366159,0.02850741472924261,3.420889767509113,-9.81637947650656,0.13791855926821472,-0.11479614356292037
trend_pullback,full,667,667,667,455,388,194,137,57,17,40,0.5,19,0,260,1488,-0.044135273203888103,-0.042074904184541975,-17.124486003108583,-34.99207804351492,0.0778237998206914,-0.18488898022661227
